Student ID,Gender
PLM-0001,Female
PLM-0002,Male
PLM-0003,Male
PLM-0004,Male
PLM-0005,Female
PLM-0006,Female
PLM-0007,Female
PLM-0008,Male
PLM-0009,Male
PLM-0010,Male
PLM-0011,Female
PLM-0012,Male
PLM-0013,Male
PLM-0014,Female
PLM-0015,Female
PLM-0016,Female
PLM-0017,Female
PLM-0018,Female
PLM-0019,Female
PLM-0020,Female
PLM-0021,Male
PLM-0022,Female
PLM-0023,Female
PLM-0024,Female
PLM-0025,Female
PLM-0026,Male
PLM-0027,Female
PLM-0028,Female
PLM-0029,Male
PLM-0030,Female
PLM-0031,Male
PLM-0032,Female
PLM-0033,Female
PLM-0034,Male
PLM-0035,Male
PLM-0036,Male
PLM-0037,Female
PLM-0038,Female
PLM-0039,Male
PLM-0040,Female
PLM-0041,Female
PLM-0042,Female
PLM-0043,Female
PLM-0044,Male
PLM-0045,Female
PLM-0046,Male
PLM-0047,Female
PLM-0048,Female
PLM-0049,Female
PLM-0050,Female
PLM-0051,Male
PLM-0052,Male
PLM-0053,Male
PLM-0054,Male
PLM-0055,Male
PLM-0056,Male
PLM-0057,Female
PLM-0058,Female
PLM-0059,Female
PLM-0060,Female
PLM-0061,Female
PLM-0062,Female
PLM-0063,Male
PLM-0064,Female
PLM-0065,Female
PLM-0066,Female
PLM-0067,Female
PLM-0068,Male
PLM-0069,Female
PLM-0070,Male
PLM-0071,Male
PLM-0072,Female
PLM-0073,Female
PLM-0074,Male
PLM-0075,Male
PLM-0076,Male
PLM-0077,Male
PLM-0078,Female
PLM-0079,Female
PLM-0080,Female
PLM-0081,Male
PLM-0082,Male
PLM-0083,Female
PLM-0084,Female
PLM-0085,Female
PLM-0086,Female
PLM-0087,Male
PLM-0088,Male
PLM-0089,Male
PLM-0090,Female
PLM-0091,Female
PLM-0092,Male
PLM-0093,Male
PLM-0094,Male
PLM-0095,Male
PLM-0096,Female
PLM-0097,Female
PLM-0098,Female
PLM-0099,Female
PLM-0100,Female
PLM-0101,Female
PLM-0102,Male
PLM-0103,Female
PLM-0104,Female
PLM-0105,Male
PLM-0106,Female
PLM-0107,Female
PLM-0108,Male
PLM-0109,Female
PLM-0110,Female
PLM-0111,Female
PLM-0112,Female
PLM-0113,Male
PLM-0114,Male
PLM-0115,Male
PLM-0116,Male
PLM-0117,Male
PLM-0118,Female
PLM-0119,Male
PLM-0120,Female
PLM-0121,Male
PLM-0122,Male
PLM-0123,Female
PLM-0124,Female
PLM-0125,Female
PLM-0126,Female
PLM-0127,Male
PLM-0128,Male
PLM-0129,Female
PLM-0130,Female
PLM-0131,Female
PLM-0132,Female
PLM-0133,Female
PLM-0134,Female
PLM-0135,Male
PLM-0136,Female
PLM-0137,Female
PLM-0138,Male
PLM-0139,Female
PLM-0140,Male
PLM-0141,Male
PLM-0142,Female
PLM-0143,Female
PLM-0144,Female
PLM-0145,Female
PLM-0146,Female
PLM-0147,Male
PLM-0148,Female
PLM-0149,Female
PLM-0150,Female
PLM-0151,Male
PLM-0152,Female
PLM-0153,Female
PLM-0154,Female
PLM-0155,Male
PLM-0156,Female
PLM-0157,Male
PLM-0158,Male
PLM-0159,Female
PLM-0160,Male
PLM-0161,Female
PLM-0162,Male
PLM-0163,Male
PLM-0164,Female
PLM-0165,Female
PLM-0166,Male
PLM-0167,Female
PLM-0168,Female
PLM-0169,Female
PLM-0170,Male
PLM-0171,Male
PLM-0172,Female
PLM-0173,Female
PLM-0174,Female
PLM-0175,Male
PLM-0176,Female
PLM-0177,Male
PLM-0178,Female
PLM-0179,Male
PLM-0180,Female
PLM-0181,Female
PLM-0182,Female
PLM-0183,Male
PLM-0184,Male
PLM-0185,Female
PLM-0186,Male
PLM-0187,Male
PLM-0188,Male
PLM-0189,Female
PLM-0190,Female
PLM-0191,Female
PLM-0192,Male
PLM-0193,Male
PLM-0194,Male
PLM-0195,Female
PLM-0196,Female
PLM-0197,Male
PLM-0198,Male
PLM-0199,Male
PLM-0200,Male
PLM-0201,Male
PLM-0202,Female
PLM-0203,Female
PLM-0204,Male
PLM-0205,Male
PLM-0206,Female
PLM-0207,Female
PLM-0208,Male
PLM-0209,Female
PLM-0210,Female
PLM-0211,Female
PLM-0212,Male
PLM-0213,Male
PLM-0214,Female
PLM-0215,Male
PLM-0216,Female
PLM-0217,Female
PLM-0218,Male
PLM-0219,Male
PLM-0220,Male
PLM-0221,Male
PLM-0222,Male
PLM-0223,Female
PLM-0224,Female
PLM-0225,Female
PLM-0226,Female
PLM-0227,Male
PLM-0228,Female
PLM-0229,Male
PLM-0230,Male
PLM-0231,Male
PLM-0232,Female
PLM-0233,Male
PLM-0234,Female
PLM-0235,Female
PLM-0236,Male
PLM-0237,Female
PLM-0238,Female
PLM-0239,Male
PLM-0240,Female
PLM-0241,Male
PLM-0242,Male
PLM-0243,Male
PLM-0244,Female
PLM-0245,Female
PLM-0246,Male
PLM-0247,Female
PLM-0248,Male
PLM-0249,Male
PLM-0250,Male
PLM-0251,Female
PLM-0252,Female
PLM-0253,Male
PLM-0254,Female
PLM-0255,Female
PLM-0256,Male
PLM-0257,Male
PLM-0258,Male
PLM-0259,Male
PLM-0260,Female
PLM-0261,Male
PLM-0262,Male
PLM-0263,Female
PLM-0264,Female
PLM-0265,Male
PLM-0266,Male
PLM-0267,Male
PLM-0268,Male
PLM-0269,Female
PLM-0270,Female
PLM-0271,Male
PLM-0272,Male
PLM-0273,Male
PLM-0274,Male
PLM-0275,Female
PLM-0276,Female
PLM-0277,Male
PLM-0278,Male
PLM-0279,Male
PLM-0280,Male
PLM-0281,Male
PLM-0282,Female
PLM-0283,Female
PLM-0284,Female
PLM-0285,Male
PLM-0286,Female
PLM-0287,Female
PLM-0288,Female
PLM-0289,Female
PLM-0290,Male
PLM-0291,Female
PLM-0292,Female
PLM-0293,Male
PLM-0294,Female
PLM-0295,Female
PLM-0296,Female
PLM-0297,Male
PLM-0298,Female
PLM-0299,Male
PLM-0300,Female
PLM-0301,Female
PLM-0302,Female
PLM-0303,Female
PLM-0304,Male
PLM-0305,Male
PLM-0306,Male
PLM-0307,Female
PLM-0308,Female
PLM-0309,Male
PLM-0310,Female
PLM-0311,Female
PLM-0312,Female
PLM-0313,Female
PLM-0314,Male
PLM-0315,Male
PLM-0316,Male
PLM-0317,Female
PLM-0318,Female
PLM-0319,Female
PLM-0320,Female
PLM-0321,Female
PLM-0322,Male
PLM-0323,Male
PLM-0324,Female
PLM-0325,Male
PLM-0326,Male
PLM-0327,Male
PLM-0328,Male
PLM-0329,Female
PLM-0330,Female
PLM-0331,Female
PLM-0332,Male
PLM-0333,Female
PLM-0334,Female
PLM-0335,Female
PLM-0336,Female
PLM-0337,Male
PLM-0338,Male
PLM-0339,Female
PLM-0340,Female
PLM-0341,Female
PLM-0342,Female
PLM-0343,Female
PLM-0344,Female
PLM-0345,Female
PLM-0346,Male
PLM-0347,Male
PLM-0348,Female
PLM-0349,Female
PLM-0350,Male
PLM-0351,Female
PLM-0352,Male
PLM-0353,Male
PLM-0354,Female
PLM-0355,Female
PLM-0356,Male
PLM-0357,Female
PLM-0358,Male
PLM-0359,Male
PLM-0360,Male
PLM-0361,Female
PLM-0362,Male
PLM-0363,Female
PLM-0364,Female
PLM-0365,Male
PLM-0366,Female
PLM-0367,Male
PLM-0368,Male
PLM-0369,Female
PLM-0370,Female
PLM-0371,Female
PLM-0372,Female
PLM-0373,Female
PLM-0374,Male
PLM-0375,Female
PLM-0376,Female
PLM-0377,Male
PLM-0378,Female
PLM-0379,Male
PLM-0380,Female
PLM-0381,Female
PLM-0382,Male
PLM-0383,Male
PLM-0384,Male
PLM-0385,Male
PLM-0386,Male
PLM-0387,Female
PLM-0388,Female
PLM-0389,Male
PLM-0390,Male
PLM-0391,Male
PLM-0392,Female
PLM-0393,Female
PLM-0394,Male
PLM-0395,Female
PLM-0396,Male
PLM-0397,Male
PLM-0398,Female
PLM-0399,Male
PLM-0400,Male
PLM-0401,Female
PLM-0402,Male
PLM-0403,Female
PLM-0404,Male
PLM-0405,Female
PLM-0406,Male
PLM-0407,Female
PLM-0408,Female
PLM-0409,Male
PLM-0410,Female
PLM-0411,Female
PLM-0412,Male
PLM-0413,Male
PLM-0414,Male
PLM-0415,Male
PLM-0416,Female
PLM-0417,Female
PLM-0418,Female
PLM-0419,Male
PLM-0420,Male
PLM-0421,Male
PLM-0422,Male
PLM-0423,Female
PLM-0424,Female
PLM-0425,Female
PLM-0426,Female
PLM-0427,Female
PLM-0428,Male
PLM-0429,Female
PLM-0430,Female
PLM-0431,Female
PLM-0432,Male
PLM-0433,Male
PLM-0434,Female
PLM-0435,Female
PLM-0436,Male
PLM-0437,Female
PLM-0438,Male
PLM-0439,Male
PLM-0440,Female
PLM-0441,Female
PLM-0442,Male
PLM-0443,Female
PLM-0444,Female
PLM-0445,Male
PLM-0446,Male
PLM-0447,Male
PLM-0448,Male
PLM-0449,Female
PLM-0450,Female
PLM-0451,Male
PLM-0452,Male
PLM-0453,Female
PLM-0454,Male
PLM-0455,Female
PLM-0456,Female
PLM-0457,Female
PLM-0458,Female
PLM-0459,Female
PLM-0460,Female
PLM-0461,Female
PLM-0462,Male
PLM-0463,Male
PLM-0464,Male
PLM-0465,Male
PLM-0466,Female
PLM-0467,Female
PLM-0468,Male
PLM-0469,Female
PLM-0470,Male
PLM-0471,Female
PLM-0472,Male
PLM-0473,Female
PLM-0474,Male
PLM-0475,Female
PLM-0476,Male
PLM-0477,Female
PLM-0478,Male
PLM-0479,Male
PLM-0480,Female
PLM-0481,Male
PLM-0482,Male
PLM-0483,Female
PLM-0484,Male
PLM-0485,Male
PLM-0486,Male
PLM-0487,Female
PLM-0488,Female
PLM-0489,Male
PLM-0490,Male
PLM-0491,Female
PLM-0492,Male
PLM-0493,Female
PLM-0494,Female
PLM-0495,Female
PLM-0496,Female
PLM-0497,Male
PLM-0498,Female
PLM-0499,Male
PLM-0500,Male
PLM-0501,Male
PLM-0502,Female
PLM-0503,Female
PLM-0504,Male
PLM-0505,Male
PLM-0506,Female
PLM-0507,Male
PLM-0508,Male
PLM-0509,Male
PLM-0510,Male
PLM-0511,Male
PLM-0512,Female
PLM-0513,Male
PLM-0514,Male
PLM-0515,Female
PLM-0516,Female
PLM-0517,Female
PLM-0518,Male
PLM-0519,Male
PLM-0520,Female
PLM-0521,Male
PLM-0522,Female
PLM-0523,Male
PLM-0524,Male
PLM-0525,Male
PLM-0526,Female
PLM-0527,Female
PLM-0528,Female
PLM-0529,Female
PLM-0530,Male
PLM-0531,Male
PLM-0532,Male
PLM-0533,Male
PLM-0534,Male
PLM-0535,Male
PLM-0536,Male
PLM-0537,Male
PLM-0538,Female
PLM-0539,Female
PLM-0540,Female
PLM-0541,Male
PLM-0542,Male
PLM-0543,Female
PLM-0544,Male
PLM-0545,Male
PLM-0546,Female
PLM-0547,Female
PLM-0548,Male
PLM-0549,Female
PLM-0550,Male
PLM-0551,Female
PLM-0552,Male
PLM-0553,Male
PLM-0554,Male
PLM-0555,Male
PLM-0556,Female
PLM-0557,Female
PLM-0558,Female
PLM-0559,Male
PLM-0560,Male
PLM-0561,Male
PLM-0562,Female
PLM-0563,Female
PLM-0564,Female
PLM-0565,Female
PLM-0566,Male
PLM-0567,Female
PLM-0568,Female
PLM-0569,Male
PLM-0570,Female
PLM-0571,Female
PLM-0572,Male
PLM-0573,Female
PLM-0574,Male
PLM-0575,Male
PLM-0576,Male
PLM-0577,Female
PLM-0578,Male
PLM-0579,Female
PLM-0580,Female
PLM-0581,Female
PLM-0582,Male
PLM-0583,Female
PLM-0584,Female
PLM-0585,Male
PLM-0586,Female
PLM-0587,Female
PLM-0588,Female
PLM-0589,Female
PLM-0590,Female
PLM-0591,Female
PLM-0592,Male
PLM-0593,Female
PLM-0594,Female
PLM-0595,Male
PLM-0596,Female
PLM-0597,Male
PLM-0598,Female
PLM-0599,Female
PLM-0600,Female
PLM-0601,Female
PLM-0602,Female
PLM-0603,Female
PLM-0604,Female
PLM-0605,Female
PLM-0606,Female
PLM-0607,Female
PLM-0608,Female
PLM-0609,Female
PLM-0610,Male
PLM-0611,Female
PLM-0612,Male
PLM-0613,Male
PLM-0614,Female
PLM-0615,Male
PLM-0616,Male
PLM-0617,Female
PLM-0618,Female
PLM-0619,Male
PLM-0620,Male
PLM-0621,Female
PLM-0622,Female
PLM-0623,Female
PLM-0624,Female
PLM-0625,Male
PLM-0626,Female
PLM-0627,Female
PLM-0628,Male
PLM-0629,Female
PLM-0630,Female
PLM-0631,Male
PLM-0632,Male
PLM-0633,Female
PLM-0634,Female
PLM-0635,Female
PLM-0636,Female
PLM-0637,Female
PLM-0638,Female
PLM-0639,Female
PLM-0640,Female
PLM-0641,Female
PLM-0642,Female
PLM-0643,Female
PLM-0644,Female
PLM-0645,Female
PLM-0646,Male
PLM-0647,Male
PLM-0648,Male
PLM-0649,Male
PLM-0650,Female
PLM-0651,Female
PLM-0652,Female
PLM-0653,Male
PLM-0654,Male
PLM-0655,Female
PLM-0656,Female
PLM-0657,Female
PLM-0658,Female
PLM-0659,Male
PLM-0660,Male
PLM-0661,Female
PLM-0662,Male
PLM-0663,Male
PLM-0664,Female
PLM-0665,Female
PLM-0666,Female
PLM-0667,Female
PLM-0668,Female
PLM-0669,Female
PLM-0670,Female
PLM-0671,Female
PLM-0672,Male
PLM-0673,Female
PLM-0674,Female
PLM-0675,Female
PLM-0676,Male
PLM-0677,Female
PLM-0678,Female
PLM-0679,Male
PLM-0680,Male
PLM-0681,Male
PLM-0682,Female
PLM-0683,Female
PLM-0684,Male
PLM-0685,Male
PLM-0686,Male
PLM-0687,Male
PLM-0688,Female
PLM-0689,Male
PLM-0690,Female
PLM-0691,Female
PLM-0692,Female
PLM-0693,Female
PLM-0694,Female
PLM-0695,Female
PLM-0696,Male
PLM-0697,Female
PLM-0698,Male
PLM-0699,Female
PLM-0700,Female
PLM-0701,Female
PLM-0702,Female
PLM-0703,Female
PLM-0704,Female
PLM-0705,Female
PLM-0706,Male
PLM-0707,Female
PLM-0708,Male
PLM-0709,Female
PLM-0710,Male
PLM-0711,Male
PLM-0712,Male
PLM-0713,Female
PLM-0714,Female
PLM-0715,Female
PLM-0716,Male
PLM-0717,Male
PLM-0718,Male
PLM-0719,Female
PLM-0720,Male
PLM-0721,Male
PLM-0722,Female
PLM-0723,Female
PLM-0724,Male
PLM-0725,Male
PLM-0726,Male
PLM-0727,Female
PLM-0728,Male
PLM-0729,Female
PLM-0730,Female
PLM-0731,Female
PLM-0732,Male
PLM-0733,Male
PLM-0734,Female
PLM-0735,Female
PLM-0736,Male
PLM-0737,Female
PLM-0738,Male
PLM-0739,Female
PLM-0740,Female
PLM-0741,Female
PLM-0742,Female
PLM-0743,Male
PLM-0744,Female
PLM-0745,Female
PLM-0746,Male
PLM-0747,Female
PLM-0748,Female
PLM-0749,Male
PLM-0750,Male
PLM-0751,Female
PLM-0752,Male
PLM-0753,Male
PLM-0754,Female
PLM-0755,Female
PLM-0756,Male
PLM-0757,Male
PLM-0758,Female
PLM-0759,Male
PLM-0760,Male
PLM-0761,Female
PLM-0762,Female
PLM-0763,Female
PLM-0764,Male
PLM-0765,Female
PLM-0766,Male
PLM-0767,Male
PLM-0768,Male
PLM-0769,Female
PLM-0770,Male
PLM-0771,Female
PLM-0772,Male
PLM-0773,Female
PLM-0774,Female
PLM-0775,Male
PLM-0776,Female
PLM-0777,Female
PLM-0778,Male
PLM-0779,Male
PLM-0780,Male
PLM-0781,Male
PLM-0782,Female
PLM-0783,Female
PLM-0784,Female
PLM-0785,Female
PLM-0786,Male
PLM-0787,Male
PLM-0788,Female
PLM-0789,Female
PLM-0790,Male
PLM-0791,Female
PLM-0792,Male
PLM-0793,Female
PLM-0794,Male
PLM-0795,Female
PLM-0796,Male
PLM-0797,Male
PLM-0798,Male
PLM-0799,Male
PLM-0800,Male
PLM-0801,Male
PLM-0802,Female
PLM-0803,Male
PLM-0804,Male
PLM-0805,Female
PLM-0806,Male
PLM-0807,Male
PLM-0808,Male
PLM-0809,Female
PLM-0810,Female
PLM-0811,Male
PLM-0812,Male
PLM-0813,Female
PLM-0814,Male
PLM-0815,Male
PLM-0816,Female
PLM-0817,Male
PLM-0818,Female
PLM-0819,Female
PLM-0820,Female
PLM-0821,Male
PLM-0822,Female
PLM-0823,Female
PLM-0824,Female
PLM-0825,Female
PLM-0826,Male
PLM-0827,Female
PLM-0828,Female
PLM-0829,Male
PLM-0830,Female
PLM-0831,Female
PLM-0832,Female
PLM-0833,Female
PLM-0834,Female
PLM-0835,Female
PLM-0836,Female
PLM-0837,Male
PLM-0838,Female
PLM-0839,Male
PLM-0840,Male
PLM-0841,Female
PLM-0842,Male
PLM-0843,Female
PLM-0844,Male
PLM-0845,Female
PLM-0846,Female
PLM-0847,Female
PLM-0848,Male
PLM-0849,Female
PLM-0850,Male
PLM-0851,Female
PLM-0852,Male
PLM-0853,Female
PLM-0854,Male
PLM-0855,Female
PLM-0856,Female
PLM-0857,Female
PLM-0858,Female
PLM-0859,Male
PLM-0860,Female
PLM-0861,Male
PLM-0862,Female
PLM-0863,Female
PLM-0864,Female
PLM-0865,Female
PLM-0866,Male
PLM-0867,Female
PLM-0868,Female
PLM-0869,Male
PLM-0870,Male
PLM-0871,Female
PLM-0872,Female
PLM-0873,Male
PLM-0874,Female
PLM-0875,Female
PLM-0876,Female
PLM-0877,Male
PLM-0878,Male
PLM-0879,Female
PLM-0880,Female
PLM-0881,Female
PLM-0882,Male
PLM-0883,Female
PLM-0884,Female
PLM-0885,Male
PLM-0886,Female
PLM-0887,Male
PLM-0888,Female
PLM-0889,Female
PLM-0890,Female
PLM-0891,Male
PLM-0892,Male
PLM-0893,Male
PLM-0894,Female
PLM-0895,Male
PLM-0896,Female
PLM-0897,Female
PLM-0898,Male
PLM-0899,Female
PLM-0900,Female
PLM-0901,Female
PLM-0902,Female
PLM-0903,Female
PLM-0904,Male
PLM-0905,Female
PLM-0906,Male
PLM-0907,Male
PLM-0908,Female
PLM-0909,Female
PLM-0910,Female
PLM-0911,Male
PLM-0912,Female
PLM-0913,Male
PLM-0914,Female
PLM-0915,Male
PLM-0916,Female
PLM-0917,Female
PLM-0918,Male
PLM-0919,Male
PLM-0920,Female
PLM-0921,Male
PLM-0922,Female
PLM-0923,Male
PLM-0924,Male
PLM-0925,Female
PLM-0926,Female
PLM-0927,Female
PLM-0928,Female
PLM-0929,Male
PLM-0930,Female
PLM-0931,Female
PLM-0932,Male
PLM-0933,Male
PLM-0934,Female
PLM-0935,Female
PLM-0936,Female
PLM-0937,Female
PLM-0938,Male
PLM-0939,Female
PLM-0940,Male
PLM-0941,Female
PLM-0942,Male
PLM-0943,Male
PLM-0944,Male
PLM-0945,Female
PLM-0946,Female
PLM-0947,Female
PLM-0948,Male
PLM-0949,Male
PLM-0950,Male
PLM-0951,Male
PLM-0952,Male
PLM-0953,Female
PLM-0954,Male
PLM-0955,Female
PLM-0956,Female
PLM-0957,Female
PLM-0958,Female
PLM-0959,Female
PLM-0960,Male
PLM-0961,Female
PLM-0962,Male
PLM-0963,Female
PLM-0964,Female
PLM-0965,Female
PLM-0966,Female
PLM-0967,Male
PLM-0968,Female
PLM-0969,Male
PLM-0970,Female
PLM-0971,Male
PLM-0972,Male
PLM-0973,Male
PLM-0974,Female
PLM-0975,Female
PLM-0976,Female
PLM-0977,Male
PLM-0978,Female
PLM-0979,Female
PLM-0980,Male
PLM-0981,Female
PLM-0982,Male
PLM-0983,Female
PLM-0984,Female
PLM-0985,Male
PLM-0986,Female
PLM-0987,Male
PLM-0988,Female
PLM-0989,Female
PLM-0990,Male
PLM-0991,Male
PLM-0992,Male
PLM-0993,Female
PLM-0994,Male
PLM-0995,Female
PLM-0996,Female
PLM-0997,Male
PLM-0998,Female
PLM-0999,Male
PLM-1000,Female
